,film,won
0,Ben-Hur (1959),11
1,The Lord of the Rings: The Return of the King (2003),11
2,Titanic (1997),11
3,West Side Story (1961),10
4,The English Patient (1996),9
5,The Last Emperor (1987),9
6,Gigi (1958),9
7,My Fair Lady (1964),8
8,Amadeus (1984),8
9,Gone with the Wind (1939),8
10,On the Waterfront (1954),8
11,From Here to Eternity (1953),8
12,Gandhi (1982),8
13,Cabaret (1972),8
14,Slumdog Millionaire (2008),8
15,Gravity (2013),7
16,Schindler's List (1993),7
17,The Bridge on the River Kwai (1957),7
18,Shakespeare in Love (1998),7
19,Going My Way (1944),7
20,Patton (1970),7
21,Dances With Wolves (1990),7
22,The Sting (1973),7
23,Out of Africa (1985),7
24,The Best Years of Our Lives (1946),7
25,Lawrence of Arabia (1962),7
26,Mrs. Miniver (1942),6
27,Mad Max: Fury Road (2015),6
28,An American in Paris (1951),6
29,La La Land (2016),6
30,A Man for All Seasons (1966),6
31,Star Wars (1977),6
32,The Hurt Locker (2009),6
33,Forrest Gump (1994),6
34,A Place in the Sun (1951),6
35,The Godfather Part II (1974),6
36,Chicago (2002),6
37,All about Eve (1950),6
38,In the Heat of the Night (1967),5
39,American Beauty (1999),5
40,The French Connection (1971),5
41,The Silence of the Lambs (1991),5
42,Raiders of the Lost Ark (1981),5
43,Who's Afraid of Virginia Woolf? (1966),5
44,Doctor Zhivago (1965),5
45,Around the World in 80 Days (1956),5
46,The King and I (1956),5
47,Saving Private Ryan (1998),5
48,Braveheart (1995),5
49,Oliver! (1968),5
50,The Aviator (2004),5
51,The Artist (2011),5
52,Hugo (2011),5
53,Mary Poppins (1964),5
54,Terms of Endearment (1983),5
55,It Happened One Night (1934),5
56,One Flew over the Cuckoo's Nest (1975),5
57,The Deer Hunter (1978),5
58,How Green Was My Valley (1941),5
59,Kramer vs. Kramer (1979),5
60,The Bad and the Beautiful (1952),5
61,Wilson (1944),5
62,Gladiator (2000),5
63,The Sound of Music (1965),5
64,The Apartment (1960),5
65,Bohemian Rhapsody (2018),4
66,Parasite (2019),4
67,A Beautiful Mind (2001),4
68,Sayonara (1957),4
69,Barry Lyndon (1975),4
70,The Shape of Water (2017),4
71,Annie Hall (1977),4
72,Cleopatra (1963),4
73,Marty (1955),4
74,The Lord of the Rings: The Fellowship of the Ring (2001),4
75,A Streetcar Named Desire (1951),4
76,Network (1976),4
77,"Crouching Tiger, Hidden Dragon (2000)",4
78,High Noon (1952),4
79,The Matrix (1999),4
80,All That Jazz (1979),4
81,Platoon (1986),4
82,The Informer (1935),4
83,Butch Cassidy and the Sundance Kid (1969),4
84,Anthony Adverse (1936),4
85,The Lost Weekend (1945),4
86,Hamlet (1948),4
87,Traffic (2000),4
88,All the President's Men (1976),4
89,Fanny & Alexander (1983),4
90,The King's Speech (2010),4
91,Tom Jones (1963),4
92,Unforgiven (1992),4
93,The Right Stuff (1983),4
94,The Departed (2006),4
95,The Heiress (1949),4
96,The Song of Bernadette (1943),4
97,E.T. The Extra-Terrestrial (1982),4
98,Birdman or (The Unexpected Virtue of Ignorance) (2014),4
99,Spartacus (1960),4
100,Rain Man (1988),4
101,No Country for Old Men (2007),4
102,Terminator 2: Judgment Day (1991),4
103,Life of Pi (2012),4
104,Chariots of Fire (1981),4
105,Million Dollar Baby (2004),4
106,Inception (2010),4
107,Ordinary People (1980),4
108,The Grand Budapest Hotel (2014),4
109,Driving Miss Daisy (1989),4
110,Green Book (2018),3
111,Love Is a Many-Splendored Thing (1955),3
112,Gentleman's Agreement (1947),3
113,Brokeback Mountain (2005),3
114,Casablanca (1943),3
115,Camelot (1967),3
116,The Lion in Winter (1968),3
117,Elmer Gantry (1960),3
118,Hud (1963),3
119,Dallas Buyers Club (2013),3
120,Dangerous Liaisons (1988),3
121,The Life of Emile Zola (1937),3
122,7th Heaven (1927),3
123,The Godfather (1972),3
124,Hannah and Her Sisters (1986),3
125,Sunset Blvd. (1950),3
126,Roma (2018),3
127,12 Years a Slave (2013),3
128,Black Panther (2018),3
129,Memoirs of a Geisha (2005),3
130,All the King's Men (1949),3
131,The Curious Case of Benjamin Button (2008),3
132,Avatar (2009),3
133,Who Framed Roger Rabbit (1988),3
134,Julia (1977),3
135,The Treasure of the Sierra Madre (1948),3
136,Pan's Labyrinth (2006),3
137,The Thief of Bagdad (1940),3
138,Les Mis√©rables (2012),3
139,Cavalcade (1932),3
140,A Room with a View (1986),3
141,To Kill a Mockingbird (1962),3
142,The Adventures of Robin Hood (1938),3
143,Moonlight (2016),3
144,Whiplash (2014),3
145,The Social Network (2010),3
146,Fiddler on the Roof (1971),3
147,Darling (1965),3
148,"Hello, Dolly! (1969)",3
149,Moonstruck (1987),3
150,The Bourne Ultimatum (2007),3
151,On Golden Pond (1981),3
152,Jaws (1975),3
153,Dunkirk (2017),3
154,Rocky (1976),3
155,Argo (2012),3
156,The Rose Tattoo (1955),3
157,Tess (1980),3
158,Glory (1989),3
159,Crash (2005),3
160,Grand Prix (1966),3
161,The Towering Inferno (1974),3
162,Midnight Cowboy (1969),3
163,Sunrise (1927),3
164,Cimarron (1930),3
165,King Kong (2005),3
166,1917 (2019),3
167,The Revenant (2015),3
168,The Diary of Anne Frank (1959),3
169,The Killing Fields (1984),3
170,The Pianist (2002),3
171,Coming Home (1978),3
172,The Great Ziegfeld (1936),3
173,Howards End (1992),3
174,Reds (1981),3
175,Bram Stoker's Dracula (1992),3
176,Yankee Doodle Dandy (1942),3
177,How the West Was Won (1963),3
178,Jurassic Park (1993),3
179,Roman Holiday (1953),3
180,Zorba the Greek (1964),3
181,The Story of Louis Pasteur (1936),3
182,The Piano (1993),3
183,Dick Tracy (1990),3
184,Life Is Beautiful (1998),3
185,Miracle on 34th Street (1947),3
186,Earthquake (1974),2
187,Milk (2008),2
188,Philadelphia (1993),2
189,Fargo (1996),2
190,The Quiet Man (1952),2
191,An Officer and a Gentleman (1982),2
192,The Naked City (1948),2
193,Samson and Delilah (1950),2
194,Lincoln (2012),2
195,Bugsy (1991),2
196,The Dark Knight (2008),2
197,The Longest Day (1962),2
198,Witness (1985),2
199,Room at the Top (1959),2
200,Norma Rae (1979),2
201,A Double Life (1947),2
202,Raging Bull (1980),2
203,The Philadelphia Story (1940),2
204,The Big House (1929),2
205,Dreamgirls (2006),2
206,Close Encounters of the Third Kind (1977),2
207,Aliens (1986),2
208,Django Unchained (2012),2
209,Up (2009),2
210,The Usual Suspects (1995),2
211,The Wizard of Oz (1939),2
212,Stagecoach (1939),2
213,A Passage to India (1984),2
214,Separate Tables (1958),2
215,Frozen (2013),2
216,The Little Mermaid (1989),2
217,The Defiant Ones (1958),2
218,Guess Who's Coming to Dinner (1967),2
219,The Last Picture Show (1971),2
220,Ship of Fools (1965),2
221,In Old Chicago (1937),2
222,Precious: Based on the Novel 'Push' by Sapphire (2009),2
223,Pinocchio (1940),2
224,The Miracle Worker (1962),2
225,The Empire Strikes Back (1980),2
226,The Grapes of Wrath (1940),2
227,A Man and a Woman (1966),2
228,Born Free (1966),2
229,The Exorcist (1973),2
230,An Inconvenient Truth (2006),2
231,Ghost (1990),2
232,Beauty and the Beast (1991),2
233,A Midsummer Night's Dream (1935),2
234,Blade Runner 2049 (2017),2
235,Moulin Rouge (2001),2
236,Arthur (1981),2
237,All Quiet on the Western Front (1929),2
238,Spotlight (2015),2
239,Skyfall (2012),2
240,Toy Story 3 (2010),2
241,Apollo 13 (1995),2
242,Picnic (1955),2
243,Joan of Arc (1948),2
244,Pocahontas (1995),2
245,Speed (1994),2
246,Aladdin (1992),2
247,The Way We Were (1973),2
248,Here Comes Mr. Jordan (1941),2
249,Ray (2004),2
250,The Champ (1931),2
251,Coco (2017),2
252,Sergeant York (1941),2
253,Restoration (1995),2
254,Hacksaw Ridge (2016),2
255,Melvin and Howard (1980),2
256,"Three Billboards outside Ebbing, Missouri (2017)",2
257,Born on the Fourth of July (1989),2
258,The Country Girl (1954),2
259,Fame (1980),2
260,The Cider House Rules (1999),2
261,A Farewell to Arms (1932),2
262,Phantom of the Opera (1943),2
263,As Good as It Gets (1997),2
264,The Incredibles (2004),2
265,La Vie en Rose (2007),2
266,Fantastic Voyage (1966),2
267,The Red Shoes (1948),2
268,Three Coins in the Fountain (1954),2
269,The Lord of the Rings: The Two Towers (2002),2
270,Once upon a Time...in Hollywood (2019),2
271,The Good Earth (1937),2
272,Judgment at Nuremberg (1961),2
273,The Yearling (1946),2
274,Topsy-Turvy (1999),2
275,One Night of Love (1934),2
276,Ford v Ferrari (2019),2
277,A Letter to Three Wives (1949),2
278,Frida (2002),2
279,Ryan's Daughter (1970),2
280,Crazy Heart (2009),2
281,Somebody Up There Likes Me (1956),2
282,Wings (1927),2
283,Alice in Wonderland (2010),2
284,Battleground (1949),2
285,Joker (2019),2
286,The Hustler (1961),2
287,Darkest Hour (2017),2
288,Z (1969),2
289,"20,000 Leagues under the Sea (1954)",2
290,The Great Gatsby (2013),2
291,The Iron Lady (2011),2
292,Federico Fellini's 8-1/2 (1963),2
293,You Can't Take It with You (1938),2
294,Places in the Heart (1984),2
295,My Left Foot (1989),2
296,L.A. Confidential (1997),2
297,Moulin Rouge (1952),2
298,The Poseidon Adventure (1972),2
299,Twelve O'Clock High (1949),2
300,Boys Town (1938),2
301,Tender Mercies (1983),2
302,Bonnie and Clyde (1967),2
303,King Solomon's Mines (1950),2
304,Jezebel (1938),2
305,The Hindenburg (1975),2
306,Mystic River (2003),2
307,JFK (1991),2
308,Romeo and Juliet (1968),2
309,Gaslight (1944),2
310,Good Will Hunting (1997),2
311,Bound for Glory (1976),2
312,Great Expectations (1947),2
313,Sentinels of Silence (1971),2
314,Manchester by the Sea (2016),2
315,Black Narcissus (1947),2
316,Cocoon (1985),2
317,Rebecca (1940),2
318,The Greatest Show on Earth (1952),2
319,Doctor Dolittle (1967),2
320,Bad Girl (1931),2
321,Nicholas and Alexandra (1971),2
322,Breakfast at Tiffany's (1961),2
323,The Fighter (2010),2
324,There Will Be Blood (2007),2
325,The Robe (1953),2
326,The Great Gatsby (1974),2
327,Master and Commander: The Far Side of the World (2003),2
328,Apocalypse Now (1979),2
329,Oklahoma! (1955),2
330,The Lion King (1994),2
331,Black Hawk Down (2001),2
332,Lost Horizon (1937),2
333,Little Miss Sunshine (2006),2
334,Midnight Express (1978),2
335,The Jolson Story (1946),2
336,Ed Wood (1994),2
337,National Velvet (1945),2
338,Anna and the King of Siam (1946),2
339,A Separation (2011),1
340,Inside Job (2010),1
341,The V.I.P.s (1963),1
342,Airport (1970),1
343,The Merry Widow (1934),1
344,State Fair (1945),1
345,Board and Care (1979),1
346,Lieberman in Love (1995),1
347,"It's a Mad, Mad, Mad, Mad World (1963)",1
348,Mr. Hublot (2013),1
349,Lemony Snicket's A Series of Unfortunate Events (2004),1
350,Skin (2018),1
351,The Ugly Duckling (1939),1
352,Father Goose (1964),1
353,Butterflies Are Free (1972),1
354,A River Runs through It (1992),1
355,Sleepy Hollow (1999),1
356,La Strada (1956),1
357,South Pacific (1958),1
358,Freeheld (2007),1
359,Session Man (1991),1
360,Trevor (1994),1
361,The Fog of War (2003),1
362,March of the Penguins (2005),1
363,Day for Night (1973),1
364,The Patriot (1928),1
365,One-Eyed Men Are Kings (1974),1
366,Mighty Joe Young (1949),1
367,The Adventures of Don Juan (1949),1
368,Arrival (2016),1
369,Closed Mondays (1974),1
370,Strike Up the Band (1940),1
371,Black Fox (1962),1
372,Anna Karenina (2012),1
373,Work Experience (1989),1
374,Cover Girl (1944),1
375,The Assault (1986),1
376,The Bells of St. Mary's (1945),1
377,Witness to War: Dr. Charlie Clements (1985),1
378,Innerspace (1987),1
379,The Constant Gardener (2005),1
380,America America (1963),1
381,The Blind Side (2009),1
382,Dodsworth (1936),1
383,Affliction (1998),1
384,Karl Hess: Toward Liberty (1980),1
385,Days of Wine and Roses (1962),1
386,Robert Frost: A Lover's Quarrel with the World (1963),1
387,American Dream (1990),1
388,Thirty Seconds over Tokyo (1944),1
389,Big Mama (2000),1
390,The Man Who Knew Too Much (1956),1
391,A Fantastic Woman (2017),1
392,This Mechanical Age (1954),1
393,Krakatoa (1932),1
394,The Lives of Others (2006),1
395,Angel and Big Joe (1975),1
396,Genocide (1981),1
397,The Pride of the Yankees (1942),1
398,Shane (1953),1
399,Hitler Lives? (1945),1
400,Song without End (The Story of Franz Liszt) (1960),1
401,Dog Day Afternoon (1975),1
402,"Hello, Frisco, Hello (1943)",1
403,The Ten-Year Lunch: The Wit and Legend of the Algonquin Round Table (1987),1
404,Being There (1979),1
405,Boys Don't Cry (1999),1
406,What Ever Happened to Baby Jane? (1962),1
407,Don't (1974),1
408,The Face of Lincoln (1955),1
409,God of Love (2010),1
410,A Little Night Music (1977),1
411,The Hellstrom Chronicle (1971),1
412,Tootsie (1982),1
413,Cyrano de Bergerac (1990),1
414,Amphibious Fighters (1943),1
415,Smile Pinki (2008),1
416,The Queen (2006),1
417,A Greek Tragedy (1986),1
418,Dead Poets Society (1989),1
419,The Old Mill (1937),1
420,King of Jazz (1929),1
421,Of Pups and Puzzles (1941),1
422,Monster (2003),1
423,Funny Girl (1968),1
424,The House on 92nd Street (1945),1
425,Mr. Deeds Goes to Town (1936),1
426,The Man Who Planted Trees (1987),1
427,The Paper Chase (1973),1
428,Days of Heaven (1978),1
429,The Imitation Game (2014),1
430,Heaven Is a Traffic Jam on the 405 (2017),1
431,Frenchman's Creek (1945),1
432,Tarzan (1999),1
433,The Johnstown Flood (1989),1
434,Selma (2014),1
435,Sabrina (1954),1
436,Marjoe (1972),1
437,Alice Doesn't Live Here Anymore (1974),1
438,Training Day (2001),1
439,The Ghost and the Darkness (1996),1
440,Yankee Doodle Mouse (1943),1
441,Midnight in Paris (2011),1
442,King Gimp (1999),1
443,Educating Peter (1992),1
444,Maya Lin: A Strong Clear Vision (1994),1
445,Sons of Liberty (1939),1
446,To Catch a Thief (1955),1
447,Father and Daughter (2000),1
448,Prizzi's Honor (1985),1
449,I Won't Play (1944),1
450,Three Orphan Kittens (1935),1
451,Johann Mouse (1952),1
452,Journey of Hope (1990),1
453,Frank Film (1973),1
454,This above All (1942),1
455,Mouse Trouble (1944),1
456,The Red Balloon (1956),1
457,Amy (2015),1
458,Good-bye Miss Turlock (1947),1
459,Special Delivery (1978),1
460,The Accidental Tourist (1988),1
461,You Don't Have to Die (1988),1
462,Splendor in the Grass (1961),1
463,An American Werewolf in London (1981),1
464,Annie Get Your Gun (1950),1
465,Star Trek (2009),1
466,the accountant (2001),1
467,Eternal Sunshine of the Spotless Mind (2004),1
468,The Shop on Main Street (1965),1
469,Mask (1985),1
470,8 Mile (2002),1
471,The Brave One (1956),1
472,East of Eden (1955),1
473,To Be Alive! (1965),1
474,Eskimo (1934),1
475,The Fly (1986),1
476,The Glenn Miller Story (1954),1
477,Air Force (1943),1
478,Woman of the Year (1942),1
479,Violet (1981),1
480,The Bridge of San Luis Rey (1928),1
481,Taxi to the Dark Side (2007),1
482,Cactus Flower (1969),1
483,Silver Linings Playbook (2012),1
484,The Crunch Bird (1971),1
485,Closely Watched Trains (1967),1
486,Inside Out (2015),1
487,Blood and Sand (1941),1
488,The Panama Deception (1992),1
489,Happy Feet (2006),1
490,A Note of Triumph: The Golden Age of Norman Corwin (2005),1
491,Summer of '42 (1971),1
492,The Gay Divorcee (1934),1
493,Born Yesterday (1950),1
494,Sons and Lovers (1960),1
495,The Salesman (2016),1
496,The Resurrection of Broncho Billy (1970),1
497,My Cousin Vinny (1992),1
498,The Prince of Egypt (1998),1
499,Crashing the Water Barrier (1956),1
500,Song of the South (1947),1
501,Fantastic Beasts and Where to Find Them (2016),1
502,Albert Schweitzer (1957),1
503,The Broadway Melody (1928),1
504,The Dawn Patrol (1930),1
505,Norman Rockwell's World...An American Dream (1972),1
506,Tin Toy (1988),1
507,Defending Our Lives (1993),1
508,Two Soldiers (2003),1
509,Panic in the Streets (1950),1
510,Helium (2013),1
511,Logan's Run (1976),1
512,Hustle & Flow (2005),1
513,The Sandpiper (1965),1
514,Vice (2018),1
515,The ChubbChubbs! (2002),1
516,With a Song in My Heart (1952),1
517,The Fly (1980),1
518,Helen Keller in Her Story (1955),1
519,"Harlan County, U.S.A. (1976)",1
520,The Big Short (2015),1
521,Letters from Iwo Jima (2006),1
522,Johnny Belinda (1948),1
523,Knighty Knight Bugs (1958),1
524,A Chance to Live (1949),1
525,Cyrano de Bergerac (1950),1
526,Mildred Pierce (1945),1
527,Mona Lisa Descending a Staircase (1992),1
528,The Wolfman (2010),1
529,The Night of the Iguana (1964),1
530,Geri's Game (1997),1
531,The Barefoot Contessa (1954),1
532,A Fish Called Wanda (1988),1
533,Why Man Creates (1968),1
534,Black Rider (Schwarzfahrer) (1993),1
535,Spider-Man: Into the Spider-Verse (2018),1
536,Madame Rosa (1977),1
537,"Toot, Whistle, Plunk and Boom (1953)",1
538,The Milky Way (1940),1
539,"Come Back, Little Sheba (1952)",1
540,The Little Orphan (1948),1
541,Bob's Birthday (1994),1
542,Teenage Father (1978),1
543,"Girl, Interrupted (1999)",1
544,Moscow Does Not Believe in Tears (1980),1
545,Broadway Melody of 1936; (1935),1
546,A Funny Thing Happened on the Way to the Forum (1966),1
547,This Land Is Mine (1943),1
548,I Wanted Wings (1941),1
549,Dersu Uzala (1975),1
550,Dr. Seuss' How the Grinch Stole Christmas (2000),1
551,The Redwoods (1967),1
552,Spellbound (1945),1
553,In Old Arizona (1928),1
554,Feast (2014),1
555,White Nights (1985),1
556,Ersatz (The Substitute) (1961),1
557,Yentl (1983),1
558,Lost in Translation (2003),1
559,Gods and Monsters (1998),1
560,With the Marines at Tarawa (1944),1
561,Water Birds (1952),1
562,Elizabeth (1998),1
563,The Black Stallion (1979),1
564,White Wilderness (1958),1
565,Great (1975),1
566,Balance (1989),1
567,Working Girl (1988),1
568,The Titan: Story of Michelangelo (1950),1
569,Giant (1956),1
570,Underworld (1927),1
571,The Reader (2008),1
572,Bao (2018),1
573,Glass (1959),1
574,One Hundred Men and a Girl (1937),1
575,"They Shoot Horses, Don't They? (1969)",1
576,Legends of the Fall (1994),1
577,To Each His Own (1946),1
578,Divorce--Italian Style (1962),1
579,Leisure (1976),1
580,Murder on a Sunday Morning (2001),1
581,The Mission (1986),1
582,The Search (1948),1
583,Chagall (1963),1
584,Charade (1984),1
585,Manipulation (1991),1
586,Giuseppina (1960),1
587,Black Orpheus (1959),1
588,The Great Lie (1941),1
589,Beyond the Line of Duty (1942),1
590,Close Harmony (1981),1
591,Visas and Virtue (1997),1
592,I Want to Live! (1958),1
593,The Omen (1976),1
594,Blue Jasmine (2013),1
595,Kon-Tiki (1951),1
596,Light in the Window: The Art of Vermeer (1952),1
597,Watch on the Rhine (1943),1
598,Desert Victory (1943),1
599,The More the Merrier (1943),1
600,The Hospital (1971),1
601,The Stratton Story (1949),1
602,Flashdance (1983),1
603,The Sunshine Boys (1975),1
604,Twin Towers (2002),1
605,Penny Wisdom (1937),1
606,On the Town (1949),1
607,The Theory of Everything (2014),1
608,M*A*S*H (1970),1
609,In Beaver Valley (1950),1
610,Wings over Mt. Everest (1935),1
611,The Fortune Cookie (1966),1
612,The Untouchables (1987),1
613,The Box (1967),1
614,Bullitt (1968),1
615,The Secret Land (1948),1
616,Antonia's Line (1995),1
617,Beginners (2011),1
618,Two Arabian Knights (1927),1
619,Dear Diary (1996),1
620,The Human Comedy (1943),1
621,Tabu (1930),1
622,Harvie Krumpet (2003),1
623,The Three Little Pigs (1932),1
624,Coal Miner's Daughter (1980),1
625,Main Street on the March! (1941),1
626,Green Dolphin Street (1947),1
627,Her (2013),1
628,The Cove (2009),1
629,Boys and Girls (1983),1
630,The Times of Harvey Milk (1984),1
631,Bear Story (2015),1
632,Swing Time (1936),1
633,The Dove; (1927),1
634,Le Mozart des Pickpockets (The Mozart of Pickpockets) (2007),1
635,A Star Is Born (1976),1
636,When Magoo Flew (1954),1
637,Ex Machina (2015),1
638,Facing Your Danger (1946),1
639,If Beale Street Could Talk (2018),1
640,Searching for Sugar Man (2012),1
641,Fences (2016),1
642,Batman (1989),1
643,The Bishop's Wife (1947),1
644,Naughty Marietta (1935),1
645,Kolya (1996),1
646,Aquatic House-Party (1949),1
647,Klute (1971),1
648,The Alamo (1960),1
649,Star in the Night (1945),1
650,Since You Went Away (1944),1
651,What Dreams May Come (1998),1
652,Children of a Lesser God (1986),1
653,'Round Midnight (1986),1
654,The River (1984),1
655,Get Out (2017),1
656,The Dot and the Line (1965),1
657,The Hole (1962),1
658,The Color of Money (1986),1
659,The Last King of Scotland (2006),1
660,Six Shooter (2005),1
661,Learning to Skateboard in a Warzone (If You're a Girl) (2019),1
662,Topkapi (1964),1
663,The Fugitive (1993),1
664,Cries and Whispers (1973),1
665,Stalag 17 (1953),1
666,Saving Face (2011),1
667,Titanic (1953),1
668,The Solid Gold Cadillac (1956),1
669,Shanghai Express (1931),1
670,The Farmer's Daughter (1947),1
671,Little Women (1932),1
672,Pillow Talk (1959),1
673,The Bespoke Overcoat (1956),1
674,Cinema Paradiso (1989),1
675,Through a Glass Darkly (1961),1
676,Mediterraneo (1991),1
677,Marie-Louise (1945),1
678,The Private Life of the Gannets (1937),1
679,You Light Up My Life (1977),1
680,Call Me by Your Name (2017),1
681,First Man (2018),1
682,The Blood of Yingzhou District (2006),1
683,Fellini's Casanova (1976),1
684,Rango (2011),1
685,Kitty Foyle (1940),1
686,Pride and Prejudice (1940),1
687,Finding Neverland (2004),1
688,Shampoo (1975),1
689,Common Threads: Stories from the Quilt (1989),1
690,The Enemy Below (1957),1
691,Robert Kennedy Remembered (1968),1
692,Sling Blade (1996),1
693,"Captain Carey, U.S.A. (1950)",1
694,Thank God It's Friday (1978),1
695,Coquette (1928),1
696,Wild Wings (1966),1
697,Flamenco at 5:15 (1983),1
698,"The Chronicles of Narnia: The Lion, the Witch and the Wardrobe (2005)",1
699,Pollock (2000),1
700,Love Me or Leave Me (1955),1
701,"Goodbye, Mr. Chips (1939)",1
702,All That Money Can Buy (1941),1
703,The Great Race (1965),1
704,Pulp Fiction (1994),1
705,The Living Desert (1953),1
706,Born into Brothels (2004),1
707,Paul Robeson: Tribute to an Artist (1979),1
708,Breaking Away (1979),1
709,In a Better World (2010),1
710,Every Child (1979),1
711,Breaking the Sound Barrier (1952),1
712,Precious Images (1986),1
713,A Star Is Born (1937),1
714,Princeton: A Search for Answers (1973),1
715,The Golden Fish (1959),1
716,Seven Brides for Seven Brothers (1954),1
717,Little Women (1949),1
718,Neptune's Daughter (1949),1
719,Road to Perdition (2002),1
720,The Age of Innocence (1993),1
721,American Factory (2019),1
722,A Patch of Blue (1965),1
723,The Red Violin (1999),1
724,The Moon and the Son: An Imagined Conversation (2005),1
725,Anchors Aweigh (1945),1
726,Bunny (1998),1
727,Key Largo (1948),1
728,When Tomorrow Comes (1939),1
729,Gravity Is My Enemy (1977),1
730,One Day in September (1999),1
731,Walk the Line (2005),1
732,The Sea around Us (1952),1
733,Lovers and Other Strangers (1970),1
734,One Survivor Remembers (1995),1
735,Shaft (1971),1
736,Black Swan (2010),1
737,Creature Comforts (1990),1
738,Spirited Away (2002),1
739,The Last Days (1998),1
740,Chernobyl Heart (2003),1
741,In the Shadow of the Stars (1991),1
742,Arthur Rubinstein - The Love of Life (1969),1
743,Who's Who in Animal Land (1944),1
744,Two Women (1961),1
745,The Guns of Navarone (1961),1
746,Pelle the Conqueror (1988),1
747,The Silent Child (2017),1
748,The Full Monty (1997),1
749,Vicky Cristina Barcelona (2008),1
750,The Cat Concerto (1946),1
751,Pygmalion (1938),1
752,The Divine Lady (1928),1
753,Blossoms in the Dust (1941),1
754,Sideways (2004),1
755,The Great Caruso (1951),1
756,Reversal of Fortune (1990),1
757,The Woman in Red (1984),1
758,The Invaders (1942),1
759,Chinatown (1974),1
760,Total Recall (1990),1
761,The Rains Came (1939),1
762,One Way Passage (1932),1
763,Babe (1995),1
764,A Time for Justice (1994),1
765,Man on Wire (2008),1
766,Ray's Male Heterosexual Dance Hall (1987),1
767,The Accused (1988),1
768,Some Like It Hot (1959),1
769,The Joker Is Wild (1957),1
770,The Great American Cowboy (1973),1
771,This Tiny World (1972),1
772,The Three Faces of Eve (1957),1
773,Spielzeugland (Toyland) (2008),1
774,Marooned (1969),1
775,The Ten Commandments (1956),1
776,The Crying Game (1992),1
777,City Slickers (1991),1
778,Scared Straight! (1978),1
779,The Golden Compass (2007),1
780,The White Helmets (2016),1
781,Butterfield 8 (1960),1
782,The Old Man and the Sea (1999),1
783,The Help (2011),1
784,Iris (2001),1
785,The Virgin Spring (1960),1
786,Days of Waiting (1990),1
787,Gerald McBoing-Boing (1950),1
788,The Bachelor and the Bobby-Soxer (1947),1
789,The Chicken (Le Poulet) (1965),1
790,Mighty Times: The Children's March (2004),1
791,Declaration of Independence (1938),1
792,Sing (2016),1
793,Investigation of a Citizen above Suspicion (1970),1
794,Sundae in New York (1983),1
795,Cat Ballou (1965),1
796,Busy Little Bears (1939),1
797,Son of Saul (2015),1
798,A Touch of Class (1973),1
799,Crisis Hotline: Veterans Press 1 (2014),1
800,Missing (1982),1
801,Body and Soul (1947),1
802,The Young Victoria (2009),1
803,Return of the Jedi (1983),1
804,Lilies of the Field (1963),1
805,Into the Arms of Strangers: Stories of the Kindertransport (2000),1
806,The Madness of King George (1994),1
807,"Monsters, Inc. (2001)",1
808,Czechoslovakia 1968 (1969),1
809,Finding Nemo (2003),1
810,Men against the Arctic (1955),1
811,Leaving Las Vegas (1995),1
812,Moonbird (1959),1
813,Belle Epoque (1993),1
814,Cleopatra (1934),1
815,Heureux Anniversaire (Happy Anniversary) (1962),1
816,Tora! Tora! Tora! (1970),1
817,Shine (1996),1
818,The True Story of the Civil War (1956),1
819,A Story of Healing (1997),1
820,Gosford Park (2001),1
821,The Subject Was Roses (1968),1
822,Down and Out in America (1986),1
823,Dangerous Moves (1984),1
824,A Star Is Born (2018),1
825,A Close Shave (1995),1
826,Woodstock (1970),1
827,Quiero Ser (I want to be...) (2000),1
828,The Facts of Life (1960),1
829,Free Solo (2018),1
830,Wall Street (1987),1
831,Heaven Can Wait (1978),1
832,Up (1984),1
833,The Awful Truth (1937),1
834,Julius Caesar (1953),1
835,Cold Mountain (2003),1
836,Best Boy (1979),1
837,Departures (2008),1
838,Wuthering Heights (1939),1
839,WALL-E (2008),1
840,tom thumb (1958),1
841,Thoroughly Modern Millie (1967),1
842,20 Feet from Stardom (2013),1
843,Churchill's Island (1941),1
844,Stutterer (2015),1
845,Adaptation (2002),1
846,The Barbarian Invasions (2003),1
847,Franz Kafka's It's a Wonderful Life (1994),1
848,The Favourite (2018),1
849,Kiss of the Spider Woman (1985),1
850,The Cowboy and the Lady (1938),1
851,Bedknobs and Broomsticks (1971),1
852,Jerry Maguire (1996),1
853,Designing Woman (1957),1
854,Tweetie Pie (1947),1
855,Amarcord (1974),1
856,The Eleanor Roosevelt Story (1965),1
857,The Bridges at Toko-Ri (1955),1
858,The Razor's Edge (1946),1
859,Shrek (2001),1
860,Lady Be Good (1941),1
861,Marie Antoinette (2006),1
862,The Fighting Lady (1944),1
863,Heavenly Music (1943),1
864,The Man Who Skied down Everest (1975),1
865,The Sea Inside (2004),1
866,Portrait of Jennie (1948),1
867,The Prime of Miss Jean Brodie (1969),1
868,Misery (1990),1
869,Project Hope (1961),1
870,Get Out Your Handkerchiefs (1978),1
871,Mister Roberts (1955),1
872,The Big Country (1958),1
873,I Am a Promise: The Children of Stanton Elementary School (1993),1
874,O.J.: Made in America (2016),1
875,Harvey (1950),1
876,Spectre (2015),1
877,A Girl in the River: The Price of Forgiveness (2015),1
878,La Cucaracha (1934),1
879,The Trip to Bountiful (1985),1
880,Dangerous (1935),1
881,Design for Death (1947),1
882,Suicide Squad (2016),1
883,Bored of Education (1936),1
884,Syriana (2005),1
885,The Appointments of Dennis Jennings (1988),1
886,Interstellar (2014),1
887,The Personals: Improvisations on Romance in the Golden Years (1998),1
888,North West Mounted Police (1940),1
889,The Danish Girl (2015),1
890,Bullets over Broadway (1994),1
891,Death Becomes Her (1992),1
892,Come and Get It (1936),1
893,Plymouth Adventure (1952),1
894,Who Are the DeBolts? And Where Did They Get Nineteen Kids? (1977),1
895,A Place to Stand (1967),1
896,I'll Find a Way (1977),1
897,Tin Pan Alley (1940),1
898,Seeds of Destiny (1946),1
899,Blue Sky (1994),1
900,A Boy and His Dog (1946),1
901,The Great Beauty (2013),1
902,Mother Wore Tights (1947),1
903,Climbing the Matterhorn (1947),1
904,Room (2015),1
905,Jojo Rabbit (2019),1
906,Alexander's Ragtime Band (1938),1
907,U-571 (2000),1
908,In the Region of Ice (1976),1
909,Women in Love (1970),1
910,Harry and Tonto (1974),1
911,Thelma & Louise (1991),1
912,Calamity Jane (1953),1
913,Herb Alpert and the Tijuana Brass Double Feature (1966),1
914,The Vanishing Prairie (1954),1
915,Sophie's Choice (1982),1
916,"Yesterday, Today and Tomorrow (1964)",1
917,From Mao to Mozart: Isaac Stern in China (1980),1
918,The Nights of Cabiria (1957),1
919,Good Fellas (1990),1
920,Juno (2007),1
921,An Occurrence at Owl Creek Bridge (1963),1
922,The Secret in Their Eyes (2009),1
923,Bowling for Columbine (2002),1
924,It's Tough to Be a Bird (1969),1
925,A Thousand Clowns (1965),1
926,The Duchess (2008),1
927,The Last of the Mohicans (1992),1
928,A Shocking Accident (1982),1
929,West Bank Story (2006),1
930,The Great Waltz (1938),1
931,The African Queen (1951),1
932,Kokoda Front Line! (1942),1
933,December 7th (1943),1
934,Torture Money (1937),1
935,The Time Machine (1960),1
936,The Flight of the Gossamer Condor (1978),1
937,Mr. Smith Goes to Washington (1939),1
938,The End of the Game (1975),1
939,Vacation from Marriage (1946),1
940,"Now, Voyager (1942)",1
941,The Big Broadcast of 1938 (1938),1
942,Les Girls (1957),1
943,Monster's Ball (2001),1
944,Icarus (2017),1
945,The Shore (2011),1
946,Gold Diggers of 1935 (1935),1
947,The Long Way Home (1997),1
948,Bear Country (1953),1
949,Peter & the Wolf (2007),1
950,Independence Day (1996),1
951,Citizen Kane (1941),1
952,The Dark Angel (1935),1
953,The Phone Call (2014),1
954,Viva Zapata! (1952),1
955,Sweet Bird of Youth (1962),1
956,Travels with My Aunt (1972),1
957,Leave Her to Heaven (1945),1
958,The Sin of Madelon Claudet (1931),1
959,Broken Lance (1954),1
960,A Christmas Carol (1972),1
961,Wallace & Gromit in The Curse of the Were-Rabbit (2005),1
962,Big Hero 6 (2014),1
963,My Uncle (1958),1
964,Seawards the Great Ships (1961),1
965,Limelight (1972),1
966,The Postman (Il Postino) (1995),1
967,Why Korea? (1950),1
968,San Francisco (1936),1
969,Bridge of Spies (2015),1
970,Elizabeth: The Golden Age (2007),1
971,The Year of Living Dangerously (1983),1
972,Pearl Harbor (2001),1
973,Victor/Victoria (1982),1
974,Morning Glory (1932),1
975,The Dollar Bottom (1980),1
976,Ama Girls (1958),1
977,Gate of Hell (1954),1
978,Stairway to Light (1945),1
979,Princess O'Rourke (1943),1
980,Men in Black (1997),1
981,I'll Cry Tomorrow (1955),1
982,A Tree Grows in Brooklyn (1945),1
983,Quest for Fire (1982),1
984,Curfew (2012),1
985,Neighbours (1952),1
986,The Westerner (1940),1
987,The Lunch Date (1990),1
988,Still Alice (2014),1
989,Pirates of the Caribbean: Dead Man's Chest (2006),1
990,Mephisto (1981),1
991,Birds Anonymous (1957),1
992,Goldfinger (1964),1
993,Breathing Lessons: The Life and Work of Mark O'Brien (1996),1
994,Alien (1979),1
995,My Gal Sal (1942),1
996,Spider-Man 2 (2004),1
997,War and Peace (1968),1
998,Easter Parade (1948),1
999,Michael Clayton (2007),1
1000,Seven Days to Noon (1951),1
1001,Save the Tiger (1973),1
1002,RoboCop (1987),1
1003,Transatlantic (1931),1
1004,The Seventh Veil (1946),1
1005,Min and Bill (1930),1
1006,Mister Magoo's Puddle Jumper (1956),1
1007,Waikiki Wedding (1937),1
1008,The Paleface (1948),1
1009,CitizenFour (2014),1
1010,The Charge of the Light Brigade (1936),1
1011,Love Story (1970),1
1012,Cool Hand Luke (1967),1
1013,Jacques-Yves Cousteau's World without Sun (1964),1
1014,Young at Heart (1987),1
1015,Casals Conducts: 1964 (1964),1
1016,The Thomas Crown Affair (1968),1
1017,Thunderball (1965),1
1018,Daybreak in Udi (1949),1
1019,Prelude to War (1942),1
1020,With Byrd at the South Pole (1929),1
1021,Never on Sunday (1960),1
1022,The High and the Mighty (1954),1
1023,The Lost Thing (2010),1
1024,Seal Island (1948),1
1025,The Last Command (1927),1
1026,Le Ciel et la Boue (Sky Above and Mud Beneath) (1961),1
1027,Sense and Sensibility (1995),1
1028,Speedy Gonzales (1955),1
1029,All about My Mother (1999),1
1030,Black and White in Color (1976),1
1031,So This Is Harris (1932),1
1032,Murder on the Orient Express (1974),1
1033,Is It Always Right to Be Right? (1970),1
1034,The Garden of the Finzi Continis (1971),1
1035,For Whom the Bell Tolls (1943),1
1036,Viva Villa! (1934),1
1037,The Official Story (1985),1
1038,Scent of a Woman (1992),1
1039,"Deadly Deception: General Electric, Nuclear Weapons and Our Environment (1991)",1
1040,Henry V (1989),1
1041,Holiday Inn (1942),1
1042,Thoth (2001),1
1043,Anna & Bella (1985),1
1044,Wrestling Swordfish (1931),1
1045,Ratatouille (2007),1
1046,The Fantastic Flying Books of Mr. Morris Lessmore (2011),1
1047,The Harvey Girls (1946),1
1048,When Worlds Collide (1951),1
1049,Logorama (2009),1
1050,Rosemary's Baby (1968),1
1051,Journey into Self (1968),1
1052,Mississippi Burning (1988),1
1053,Johnny Eager (1942),1
1054,Grand Hotel (1931),1
1055,Number Our Days (1976),1
1056,Evita (1996),1
1057,Irma La Douce (1963),1
1058,The Tortoise and the Hare (1934),1
1059,The True Glory (1945),1
1060,Ryan (2004),1
1061,Brave (2012),1
1062,This Is the Army (1943),1
1063,Election Night (Valgaften) (1998),1
1064,King Kong (1976),1
1065,Munro (1960),1
1066,Dr. Jekyll and Mr. Hyde (1931),1
1067,Indiana Jones and the Last Crusade (1989),1
1068,Wasp (2004),1
1069,The Milagro Beanfield War (1988),1
1070,Suspicion (1941),1
1071,Inocente (2012),1
1072,Anne Frank Remembered (1995),1
1073,Interrupted Melody (1955),1
1074,The Dirty Dozen (1967),1
1075,He Makes Me Feel Like Dancin' (1983),1
1076,The Hunt for Red October (1990),1
1077,The Buddy Holly Story (1978),1
1078,The Hurricane (1937),1
1079,Destination Moon (1950),1
1080,A Year toward Tomorrow (1966),1
1081,This Charming Man (Der Er En Yndig Mand) (2002),1
1082,Thursday's Children (1954),1
1083,Toward Independence (1948),1
1084,A Hole in the Head (1959),1
1085,The Picture of Dorian Gray (1945),1
1086,La Maison en Petits Cubes (2008),1
1087,The Muppets (2011),1
1088,Nature's Half Acre (1951),1
1089,Dear Basketball (2017),1
1090,Bombshell (2019),1
1091,Harry and the Hendersons (1987),1
1092,Sundays and Cybele (1962),1
1093,The New Tenants (2009),1
1094,Hair Love (2019),1
1095,The Girl with the Dragon Tattoo (2011),1
1096,The War Game (1966),1
1097,2001: A Space Odyssey (1968),1
1098,Captains Courageous (1937),1
1099,The Producers (1968),1
1100,The Critic (1963),1
1101,Crac (1981),1
1102,The Lady in Number 6: Music Saved My Life (2013),1
1103,Just Another Missing Kid (1982),1
1104,Dirty Dancing (1987),1
1105,"Teddy, the Rough Rider (1940)",1
1106,Day of the Painter (1960),1
1107,"Women--for America, for the World (1986)",1
1108,Piper (2016),1
1109,California Suite (1978),1
1110,Lili (1953),1
1111,Period. End of Sentence. (2018),1
1112,The Alaskan Eskimo (1953),1
1113,Ran (1985),1
1114,Top Gun (1986),1
1115,True Grit (1969),1
1116,That Hamilton Woman (1941),1
1117,Character (1997),1
1118,A Free Soul (1930),1
1119,The Jungle Book (2016),1
1120,How to Sleep (1935),1
1121,The Nutty Professor (1996),1
1122,Molly's Pilgrim (1985),1
1123,The Hours (2002),1
1124,Hearts and Minds (1974),1
1125,Give Me Liberty (1936),1
1126,Strangers No More (2010),1
1127,Call Me Madam (1953),1
1128,Paperman (2012),1
1129,Music by Prudence (2009),1
1130,Cromwell (1970),1
1131,Nowhere in Africa (2002),1
1132,The Stone Carvers (1984),1
1133,The Great McGinty (1940),1
1134,Capote (2005),1
1135,Death on the Nile (1978),1
1136,Little Women (2019),1
1137,Reap the Wild Wind (1942),1
1138,Disraeli (1929),1
1139,Benjy (1951),1
1140,Anastasia (1956),1
1141,Anne of the Thousand Days (1969),1
1142,Artie Shaw: Time Is All You've Got (1986),1
1143,White Shadows in the South Seas (1928),1
1144,Tango (1982),1
1145,The Wonderful World of the Brothers Grimm (1962),1
1146,The Battle of Midway (1942),1
1147,Skippy (1930),1
1148,Once (2007),1
1149,City of Wax (1934),1
1150,Omnibus (1992),1
1151,No Man's Land (2001),1
1152,A Little Romance (1979),1
1153,Ida (2014),1
1154,Porgy and Bess (1959),1
1155,The Hateful Eight (2015),1
1156,Rocketman (2019),1
1157,Wonder Boys (2000),1
1158,Manhattan Melodrama (1934),1
1159,The Black Swan (1942),1
1160,Dylan Thomas (1962),1
1161,The War of the Worlds (1953),1
1162,Survival City (1955),1
1163,The Wetback Hound (1957),1
1164,The Lives of a Bengal Lancer (1935),1
1165,Volver a Empezar ('To Begin Again') (1982),1
1166,Serengeti Shall Not Die (1959),1
1167,Purple Rain (1984),1
1168,Quest (1996),1
1169,Indiana Jones and the Temple of Doom (1984),1
1170,World of Kids (1951),1
1171,The Motorcycle Diaries (2004),1
1172,Emma (1996),1
1173,Zero Dark Thirty (2012),1
1174,Mrs. Doubtfire (1993),1
1175,The Magic Machines (1969),1
1176,Der Fuehrer's Face (1942),1
1177,Van Gogh (1949),1
1178,Laura (1944),1
1179,Blithe Spirit (1946),1
1180,Crash Dive (1943),1
1181,Kentucky (1938),1
1182,Superman (1978),1
1183,Here Comes the Groom (1951),1
1184,Ferdinand the Bull (1938),1
1185,Amour (2012),1
1186,Grand Canyon (1958),1
1187,The Country Cousin (1936),1
1188,Broken Rainbow (1985),1
1189,Mutiny on the Bounty (1935),1
1190,The Neighbors' Window (2019),1
1191,La Dolce Vita (1961),1
1192,The Scoundrel (1935),1
1193,Written on the Wind (1956),1
1194,Dumbo (1941),1
1195,The Descendants (2011),1
1196,A Damsel in Distress (1937),1
1197,Zootopia (2016),1
1198,Bird (1988),1
1199,For the Birds (2001),1
1200,Indochine (1992),1
1201,The Candidate (1972),1
1202,Dead Man Walking (1995),1
1203,The Goodbye Girl (1977),1
1204,When We Were Kings (1996),1
1205,The Silent World (1956),1
1206,If You Love This Planet (1982),1
1207,Let It Be (1970),1
1208,Nashville (1975),1
1209,"The Adventures of Priscilla, Queen of the Desert (1994)",1
1210,Talk to Her (2002),1
1211,Burnt by the Sun (1994),1
1212,Toy Story 4 (2019),1
1213,So Much for So Little (1949),1
1214,Mighty Aphrodite (1995),1
1215,The Two Mouseketeers (1951),1
1216,That Mothers Might Live (1938),1
1217,BlacKkKlansman (2018),1
1218,Becket (1964),1
1219,Lust for Life (1956),1
1220,Atonement (2007),1
1221,The Anderson Platoon (1967),1
1222,The Discreet Charm of the Bourgeoisie (1972),1
1223,Marriage Story (2019),1
1224,Babette's Feast (1987),1
1225,The Horse with the Flying Tail (1960),1
1226,First Steps (1947),1
1227,Charly (1968),1
1228,The Wrong Trousers (1993),1
1229,Sweeney Todd The Demon Barber of Fleet Street (2007),1
1230,Interviews with My Lai Veterans (1970),1
1231,Quicker 'N a Wink (1940),1
1232,Paper Moon (1973),1
1233,Speaking of Animals and Their Families (1942),1
1234,Flowers and Trees (1931),1
1235,Babel (2006),1
1236,For Scent-Imental Reasons (1949),1
1237,The Private Life of Henry VIII (1932),1
1238,None but the Lonely Heart (1944),1
1239,Nine from Little Rock (1964),1
1240,The Public Pays (1936),1
1241,Tsotsi (2005),1
1242,The Bolero (1973),1
1243,Symphony of a City (1948),1
1244,Judy (2019),1
1245,The Lavender Hill Mob (1952),1
1246,Inglourious Basterds (2009),1
1247,The Graduate (1967),1
1248,Papa's Delicate Condition (1963),1
1249,American Sniper (2014),1
1250,Hotel Terminus: The Life and Times of Klaus Barbie (1988),1
1251,The Music Box (1931),1
1252,Winnie the Pooh and the Blustery Day (1968),1
1253,She Wore a Yellow Ribbon (1949),1
1254,"I, Tonya (2017)",1
1255,The Pink Phink (1964),1
1256,The Third Man (1950),1
1257,A Time Out of War (1954),1
1258,Phantom Thread (2017),1
1259,Blood on the Sun (1945),1
1260,Undefeated (2011),1
1261,The Counterfeiters (2007),1
1262,Erin Brockovich (2000),1
1263,Beetlejuice (1988),1
1264,The Divorcee (1929),1
1265,Quiet Please! (1945),1
1266,"Arise, My Love (1940)",1
1267,The Old Man and the Sea (1958),1
1268,Grandad of Races (1950),1
1269,Almost Famous (2000),1
1270,The Tin Drum (1979),1
1271,The Snake Pit (1948),1
1272,Lend a Paw (1941),1
1273,The Danish Poet (2006),1
1274,The Fisher King (1991),1
1275,Meredith Willson's The Music Man (1962),1
1276,Champion (1949),1
1277,The Abyss (1989),1
1278,The Merry Wives of Windsor Overture (1953),1
1279,Back to the Future (1985),1
1280,Boyhood (2014),1
1281,The Sand Castle (1977),1
1282,Wonder Man (1945),1
1283,My Mother Dreams the Satan's Disciples in New York (1999),1
1284,Moscow Strikes Back (1942),1
1285,Exodus (1960),1
